{"cameraMode":{"drawMode":0,"name":"Shaded","section":"Shading Mode"},"sceneLighting":false,"audioPlay":false,"sceneViewState":{"showFog":true,"showMaterialUpdate":false,"showSkybox":false,"showFlares":true,"showImageEffects":true,"showParticleSystems":true},"in2DMode":false,"pivot":{"x":-6.462660789489746,"y":0.5383338928222656,"z":4.441037654876709},"rotation":{"x":0.15361325442790986,"y":-0.4625793993473053,"z":0.08174443989992142,"w":0.8693414926528931},"size":2.622070789337158,"orthographic":true}