{"cameraMode":{"drawMode":0,"name":"Shaded","section":"Shading Mode"},"sceneLighting":false,"audioPlay":false,"sceneViewState":{"showFog":true,"showMaterialUpdate":false,"showSkybox":false,"showFlares":true,"showImageEffects":true,"showParticleSystems":true},"in2DMode":false,"pivot":{"x":-6.412709712982178,"y":0.5172865390777588,"z":4.569190502166748},"rotation":{"x":0.22801341116428376,"y":-0.4487810730934143,"z":0.11957649886608124,"w":0.8557510375976563},"size":2.6666345596313478,"orthographic":true}