{"cameraMode":{"drawMode":0,"name":"Shaded","section":"Shading Mode"},"sceneLighting":true,"audioPlay":false,"sceneViewState":{"showFog":true,"showMaterialUpdate":false,"showSkybox":false,"showFlares":true,"showImageEffects":true,"showParticleSystems":true},"in2DMode":false,"pivot":{"x":-6.462660789489746,"y":0.5383338928222656,"z":4.441037654876709},"rotation":{"x":0.12728732824325562,"y":-0.8723381161689758,"z":0.34730929136276247,"w":0.31971001625061037},"size":2.745623826980591,"orthographic":true}