{"cameraMode":{"drawMode":0,"name":"Shaded","section":"Shading Mode"},"sceneLighting":false,"audioPlay":false,"sceneViewState":{"showFog":true,"showMaterialUpdate":false,"showSkybox":false,"showFlares":true,"showImageEffects":true,"showParticleSystems":true},"in2DMode":false,"pivot":{"x":-6.412709712982178,"y":0.5172865390777588,"z":4.569190502166748},"rotation":{"x":0.0695592537522316,"y":-0.0896596759557724,"z":0.00627787783741951,"w":0.9935251474380493},"size":2.1182656288146974,"orthographic":true}