{"cameraMode":{"drawMode":0,"name":"Shaded","section":"Shading Mode"},"sceneLighting":true,"audioPlay":false,"sceneViewState":{"showFog":true,"showMaterialUpdate":false,"showSkybox":false,"showFlares":true,"showImageEffects":true,"showParticleSystems":true},"in2DMode":false,"pivot":{"x":-7.9361572265625,"y":0.8402581214904785,"z":5.419921875},"rotation":{"x":0.025546371936798097,"y":0.9736254811286926,"z":-0.17958448827266694,"w":0.13849174976348878},"size":1.9697171449661255,"orthographic":true}