{"cameraMode":{"drawMode":0,"name":"Shaded","section":"Shading Mode"},"sceneLighting":false,"audioPlay":false,"sceneViewState":{"showFog":true,"showMaterialUpdate":false,"showSkybox":false,"showFlares":true,"showImageEffects":true,"showParticleSystems":true},"in2DMode":false,"pivot":{"x":-6.462660789489746,"y":0.5383338928222656,"z":4.441037654876709},"rotation":{"x":-0.05122058838605881,"y":-0.9487929940223694,"z":0.21955111622810365,"w":-0.2213558405637741},"size":3.300863265991211,"orthographic":true}