{"cameraMode":{"drawMode":0,"name":"Shaded","section":"Shading Mode"},"sceneLighting":false,"audioPlay":false,"sceneViewState":{"showFog":true,"showMaterialUpdate":false,"showSkybox":false,"showFlares":true,"showImageEffects":true,"showParticleSystems":true},"in2DMode":false,"pivot":{"x":-6.461098670959473,"y":0.6025230884552002,"z":4.36736536026001},"rotation":{"x":0.0940493792295456,"y":0.905792772769928,"z":-0.2825767695903778,"w":0.3014738857746124},"size":2.556185483932495,"orthographic":true}