{"cameraMode":{"drawMode":0,"name":"Shaded","section":"Shading Mode"},"sceneLighting":false,"audioPlay":false,"sceneViewState":{"showFog":true,"showMaterialUpdate":false,"showSkybox":false,"showFlares":true,"showImageEffects":true,"showParticleSystems":true},"in2DMode":false,"pivot":{"x":-6.108154296875,"y":0.39129638671875,"z":4.513427734375},"rotation":{"x":0.228753924369812,"y":-0.32669880986213686,"z":0.08181438595056534,"w":0.9133774042129517},"size":1.7020829916000367,"orthographic":true}