{"cameraMode":{"drawMode":0,"name":"Shaded","section":"Shading Mode"},"sceneLighting":false,"audioPlay":false,"sceneViewState":{"showFog":true,"showMaterialUpdate":false,"showSkybox":false,"showFlares":true,"showImageEffects":true,"showParticleSystems":true},"in2DMode":false,"pivot":{"x":-6.412709712982178,"y":0.5172865390777588,"z":4.569190502166748},"rotation":{"x":0.3544705808162689,"y":-0.015427586622536183,"z":0.005850374232977629,"w":0.9349257946014404},"size":3.205900192260742,"orthographic":true}