{"cameraMode":{"drawMode":0,"name":"Shaded","section":"Shading Mode"},"sceneLighting":false,"audioPlay":false,"sceneViewState":{"showFog":true,"showMaterialUpdate":false,"showSkybox":false,"showFlares":true,"showImageEffects":true,"showParticleSystems":true},"in2DMode":false,"pivot":{"x":-6.412709712982178,"y":0.5172865390777588,"z":4.569190502166748},"rotation":{"x":0.04662264510989189,"y":-0.3783249258995056,"z":0.019083447754383088,"w":0.9243137836456299},"size":2.3225958347320558,"orthographic":true}