{"cameraMode":{"drawMode":0,"name":"Shaded","section":"Shading Mode"},"sceneLighting":false,"audioPlay":false,"sceneViewState":{"showFog":true,"showMaterialUpdate":false,"showSkybox":false,"showFlares":true,"showImageEffects":true,"showParticleSystems":true},"in2DMode":false,"pivot":{"x":-0.2610955238342285,"y":0.2310194969177246,"z":1.4901161193847657e-8},"rotation":{"x":0.03398873284459114,"y":-0.9657036066055298,"z":0.16914980113506318,"w":0.19404569268226624},"size":4.794992446899414,"orthographic":true}