{"cameraMode":{"drawMode":0,"name":"Shaded","section":"Shading Mode"},"sceneLighting":false,"audioPlay":false,"sceneViewState":{"showFog":true,"showMaterialUpdate":false,"showSkybox":false,"showFlares":true,"showImageEffects":true,"showParticleSystems":true},"in2DMode":false,"pivot":{"x":-0.17250150442123414,"y":0.20648503303527833,"z":5.066394805908203e-7},"rotation":{"x":0.03398873284459114,"y":-0.9657036066055298,"z":0.16914980113506318,"w":0.19404569268226624},"size":4.757382392883301,"orthographic":true}