{"cameraMode":{"drawMode":0,"name":"Shaded","section":"Shading Mode"},"sceneLighting":false,"audioPlay":false,"sceneViewState":{"showFog":true,"showMaterialUpdate":false,"showSkybox":false,"showFlares":true,"showImageEffects":true,"showParticleSystems":true},"in2DMode":false,"pivot":{"x":-0.3183954954147339,"y":0.3756979703903198,"z":1.4901161193847657e-8},"rotation":{"x":0.03398873284459114,"y":-0.9657036066055298,"z":0.16914980113506318,"w":0.19404569268226624},"size":4.447540760040283,"orthographic":true}