{"cameraMode":{"drawMode":0,"name":"Shaded","section":"Shading Mode"},"sceneLighting":false,"audioPlay":false,"sceneViewState":{"showFog":true,"showMaterialUpdate":false,"showSkybox":false,"showFlares":true,"showImageEffects":true,"showParticleSystems":true},"in2DMode":false,"pivot":{"x":-0.0048370361328125,"y":0.6434324979782105,"z":2.9802322387695315e-8},"rotation":{"x":0.03398873284459114,"y":-0.9657036066055298,"z":0.16914980113506318,"w":0.19404569268226624},"size":5.637123107910156,"orthographic":true}